[
	{
		"name":"Tappetini Igienici 60x60cm",
		"image": "img/prodotti/TappetiniIgienici60x60cm.png",
		"code": "8011438920400"
	},
	
	{
		"name":"Impermeabile Disney Star Wars",
		"image": "img/prodotti/ImpermeabileDisneyStarWars.png",
		"code": "8012216402745"
	},
	
	{
		"name":"Frisbee in Gomma Naturale per Cane 22cm",
		"image": "img/prodotti/FrisbeeinGommaNaturaleperCane22cm.png",
		"code": "8012711470303"
	},
	
	{
		"name":"Pouf Velvet Grafito",
		"image": "img/prodotti/PoufVelvetGrafito.png",
		"code": "8012765723627"
	},
	
	{
		"name":"Osso Moderate Dental Chew Nylabone",
		"image": "img/prodotti/OssoModerateDentalChewNylabone.png",
		"code": "8012954073114"
	},
	
	{
		"name":"LENIDERM Spuma",
		"image": "img/prodotti/LENIDERMSpuma.png",
		"code": "8013743984665"
	},
	
	{
		"name":"Acana Classic Red",
		"image": "img/prodotti/AcanaClassicRed.png",
		"code": "8014902356494"
	},
	
	{
		"name":"Mantella Sailor Rossa per Cane",
		"image": "img/prodotti/MantellaSailorRossaperCane.png",
		"code": "8015097669666"
	},
	
	{
		"name":"Sacchetti Igienici Neri",
		"image": "img/prodotti/SacchettiIgieniciNeri.png",
		"code": "8015417596659"
	},
	
	{
		"name":"Pedigree Dentastix Large",
		"image": "img/prodotti/PedigreeDentastixLarge.png",
		"code": "8015964786057"
	},
	
	{
		"name":"Florentero Act",
		"image": "img/prodotti/FlorenteroAct.png",
		"code": "8016234116126"
	},
	
	{
		"name":"Cuccia Domus",
		"image": "img/prodotti/CucciaDomus.png",
		"code": "8016682727108"
	},
	
	{
		"name":"Cardatore Spazzola per Cane",
		"image": "img/prodotti/CardatoreSpazzolaperCane.png",
		"code": "8016754864411"
	},
	
	{
		"name":"Collare Nylon Rosso",
		"image": "img/prodotti/CollareNylonRosso.png",
		"code": "8016986230921"
	},
	
	{
		"name":"Pettorina Fashion Regolabile Fucsia",
		"image": "img/prodotti/PettorinaFashionRegolabileFucsia.png",
		"code": "8017169765642"
	},
	
	{
		"name":"Tagliaunghie per Cane",
		"image": "img/prodotti/TagliaunghieperCane.png",
		"code": "8017777512102"
	},
	
	{
		"name":"Ciotola Foodie Bianco",
		"image": "img/prodotti/CiotolaFoodieBianco.png",
		"code": "8017926620440"
	},
	
	{
		"name":"Tri-Act 2-5Kg 6 Pipette",
		"image": "img/prodotti/Tri-Act2-5Kg6Pipette.png",
		"code": "8017958558224"
	},
	
	{
		"name":"Advantix Spot on Cane",
		"image": "img/prodotti/AdvantixSpotonCane.png",
		"code": "8017982766293"
	},
	
	{
		"name":"Oasy Monoproteico Adult 400 g",
		"image": "img/prodotti/OasyMonoproteicoAdult400g.png",
		"code": "8019029960106"
	},
	
	{
		"name":"Monge Natural Puppy & Junior Salmone e Riso",
		"image": "img/prodotti/MongeNaturalPuppy&JuniorSalmoneeRiso.png",
		"code": "8019262211573"
	},
	
	{
		"name":"Ciotola Antiscivolo Mescal Rosso",
		"image": "img/prodotti/CiotolaAntiscivoloMescalRosso.png",
		"code": "8019481331999"
	},
	
	{
		"name":"Disugual Monoproteico 400 gr",
		"image": "img/prodotti/DisugualMonoproteico400gr.png",
		"code": "8019530548125"
	},
	
	{
		"name":"Lilys Kitchen Snack Treats 70 gr",
		"image": "img/prodotti/LilysKitchenSnackTreats70gr.png",
		"code": "8019768577498"
	}
]